idna_subject,checker_type,destination,tested_at
103.245.223.129,AVAILABILITY,domains.list,2021-07-01 00:49:08.839825
103.245.223.131,AVAILABILITY,domains.list,2021-07-01 00:49:29.108976
103.245.223.192,AVAILABILITY,domains.list,2021-07-01 00:49:49.494886
103.245.223.194,AVAILABILITY,domains.list,2021-07-01 00:50:59.104904
103.31.6.184,AVAILABILITY,domains.list,2021-07-01 00:51:19.541969
103.31.6.32,AVAILABILITY,domains.list,2021-07-01 00:51:39.998671
103.31.6.33,AVAILABILITY,domains.list,2021-07-01 00:52:00.452364
103.31.6.34,AVAILABILITY,domains.list,2021-07-01 00:52:20.844944
103.31.6.35,AVAILABILITY,domains.list,2021-07-01 00:52:41.235874
103.31.6.36,AVAILABILITY,domains.list,2021-07-01 00:53:01.815480
103.31.6.4,AVAILABILITY,domains.list,2021-07-01 00:53:22.181513
103.31.6.5,AVAILABILITY,domains.list,2021-07-01 00:53:42.728480
103.31.6.6,AVAILABILITY,domains.list,2021-07-01 00:54:03.155909
103.31.7.184,AVAILABILITY,domains.list,2021-07-01 00:54:23.769585
103.31.7.31,AVAILABILITY,domains.list,2021-07-01 00:54:44.191106
103.31.7.32,AVAILABILITY,domains.list,2021-07-01 00:55:04.514919
103.31.7.33,AVAILABILITY,domains.list,2021-07-01 00:55:24.738534
103.31.7.34,AVAILABILITY,domains.list,2021-07-01 00:55:44.899824
103.31.7.35,AVAILABILITY,domains.list,2021-07-01 00:56:05.202240
103.31.7.4,AVAILABILITY,domains.list,2021-07-01 00:56:25.566492
103.31.7.5,AVAILABILITY,domains.list,2021-07-01 00:56:45.890193
108.162.198.193,AVAILABILITY,domains.list,2021-07-01 00:57:15.023532
108.162.198.94,AVAILABILITY,domains.list,2021-07-01 00:57:35.379096
108.162.198.98,AVAILABILITY,domains.list,2021-07-01 00:57:55.565621
108.162.199.94,AVAILABILITY,domains.list,2021-07-01 00:58:16.220537
108.162.203.134,AVAILABILITY,domains.list,2021-07-01 00:58:36.612938
108.162.203.253,AVAILABILITY,domains.list,2021-07-01 00:58:56.946477
108.162.203.6,AVAILABILITY,domains.list,2021-07-01 00:59:17.107992
108.162.204.134,AVAILABILITY,domains.list,2021-07-01 00:59:37.498688
108.162.204.253,AVAILABILITY,domains.list,2021-07-01 00:59:58.014618
108.162.204.6,AVAILABILITY,domains.list,2021-07-01 01:00:18.207563
108.162.205.134,AVAILABILITY,domains.list,2021-07-01 01:00:38.605500
108.162.205.6,AVAILABILITY,domains.list,2021-07-01 01:00:58.778358
108.162.206.134,AVAILABILITY,domains.list,2021-07-01 01:01:19.004141
108.162.206.6,AVAILABILITY,domains.list,2021-07-01 01:01:39.238131
108.162.207.134,AVAILABILITY,domains.list,2021-07-01 01:01:59.832734
108.163.163.194,AVAILABILITY,domains.list,2021-07-01 01:02:20.856914
108.166.79.51,AVAILABILITY,domains.list,2021-07-01 01:02:41.230350
109.123.74.252,AVAILABILITY,domains.list,2021-07-01 01:03:08.905230
109.123.89.175,AVAILABILITY,domains.list,2021-07-01 01:03:29.543456
109.163.234.50,AVAILABILITY,domains.list,2021-07-01 01:03:50.601293
109.169.13.178,AVAILABILITY,domains.list,2021-07-01 01:03:51.405443
109.201.131.15,AVAILABILITY,domains.list,2021-07-01 01:04:12.396460
109.205.184.118,AVAILABILITY,domains.list,2021-07-01 01:04:32.770491
109.205.184.32,AVAILABILITY,domains.list,2021-07-01 01:04:53.252566
109.205.184.67,AVAILABILITY,domains.list,2021-07-01 01:05:13.470618
109.205.186.118,AVAILABILITY,domains.list,2021-07-01 01:05:33.940372
109.205.186.32,AVAILABILITY,domains.list,2021-07-01 01:05:54.226217
109.205.186.67,AVAILABILITY,domains.list,2021-07-01 01:06:56.769874
111.171.195.164,AVAILABILITY,domains.list,2021-07-01 01:07:23.253289
112.121.185.190,AVAILABILITY,domains.list,2021-07-01 01:07:51.157881
112.140.42.24,AVAILABILITY,domains.list,2021-07-01 01:08:13.476093
112.175.233.250,AVAILABILITY,domains.list,2021-07-01 01:08:33.904082
112.175.255.100,AVAILABILITY,domains.list,2021-07-01 01:08:54.346530
112.175.255.20,AVAILABILITY,domains.list,2021-07-01 01:08:55.816234
112.175.255.21,AVAILABILITY,domains.list,2021-07-01 01:09:16.650496
112.175.255.33,AVAILABILITY,domains.list,2021-07-01 01:09:38.814953
113.107.42.34,AVAILABILITY,domains.list,2021-07-01 01:10:00.468244
113.107.96.156,AVAILABILITY,domains.list,2021-07-01 01:10:21.712269
113.107.96.157,AVAILABILITY,domains.list,2021-07-01 01:10:43.164331
114.80.101.42,AVAILABILITY,domains.list,2021-07-01 01:11:15.811678
114.80.101.52,AVAILABILITY,domains.list,2021-07-01 01:11:48.536177
115.182.49.13,AVAILABILITY,domains.list,2021-07-01 01:12:09.197767
115.182.49.14,AVAILABILITY,domains.list,2021-07-01 01:12:29.388811
115.182.49.17,AVAILABILITY,domains.list,2021-07-01 01:12:49.620026
115.182.49.18,AVAILABILITY,domains.list,2021-07-01 01:13:10.021582
115.182.49.19,AVAILABILITY,domains.list,2021-07-01 01:13:30.565639
115.182.49.20,AVAILABILITY,domains.list,2021-07-01 01:13:50.889819
115.182.49.21,AVAILABILITY,domains.list,2021-07-01 01:14:11.232888
115.182.49.22,AVAILABILITY,domains.list,2021-07-01 01:14:31.478407
115.182.49.27,AVAILABILITY,domains.list,2021-07-01 01:14:51.683241
115.182.49.8,AVAILABILITY,domains.list,2021-07-01 01:15:11.885979
115.238.137.240,AVAILABILITY,domains.list,2021-07-01 01:15:47.698628
115.238.137.250,AVAILABILITY,domains.list,2021-07-01 01:16:08.724266
115.239.210.151,AVAILABILITY,domains.list,2021-07-01 01:16:33.950512
116.55.241.240,AVAILABILITY,domains.list,2021-07-01 01:17:14.497377
116.55.241.250,AVAILABILITY,domains.list,2021-07-01 01:17:44.633051
117.21.191.223,AVAILABILITY,domains.list,2021-07-01 01:18:07.352575
117.21.224.236,AVAILABILITY,domains.list,2021-07-01 01:18:28.308776
117.21.227.34,AVAILABILITY,domains.list,2021-07-01 01:18:50.679327
117.21.227.47,AVAILABILITY,domains.list,2021-07-01 01:19:11.552699
117.41.235.38,AVAILABILITY,domains.list,2021-07-01 01:19:36.594707
118.107.163.237,AVAILABILITY,domains.list,2021-07-01 01:19:58.276140
118.123.202.240,AVAILABILITY,domains.list,2021-07-01 01:20:19.950456
118.123.202.250,AVAILABILITY,domains.list,2021-07-01 01:20:40.652379
118.145.5.14,AVAILABILITY,domains.list,2021-07-01 01:21:01.833664
118.145.5.20,AVAILABILITY,domains.list,2021-07-01 01:21:44.170503
118.145.5.21,AVAILABILITY,domains.list,2021-07-01 01:22:51.441325
118.145.5.22,AVAILABILITY,domains.list,2021-07-01 01:23:11.931857
118.145.5.27,AVAILABILITY,domains.list,2021-07-01 01:23:13.269790
118.145.5.8,AVAILABILITY,domains.list,2021-07-01 01:23:22.744368
119.123.233.83,AVAILABILITY,domains.list,2021-07-01 01:23:48.330503
119.146.222.121,AVAILABILITY,domains.list,2021-07-01 01:24:09.243879
119.147.114.19,AVAILABILITY,domains.list,2021-07-01 01:24:30.153083
119.147.47.121,AVAILABILITY,domains.list,2021-07-01 01:24:56.762534
119.147.86.8,AVAILABILITY,domains.list,2021-07-01 01:25:21.998911
119.15.70.147,AVAILABILITY,domains.list,2021-07-01 01:25:23.492929
119.15.70.9,AVAILABILITY,domains.list,2021-07-01 01:25:25.084622
119.245.243.82,AVAILABILITY,domains.list,2021-07-01 01:25:45.573260
119.31.248.68,AVAILABILITY,domains.list,2021-07-01 01:26:11.808049
119.59.124.169,AVAILABILITY,domains.list,2021-07-01 01:26:32.615448
119.77.12.181,AVAILABILITY,domains.list,2021-07-01 01:27:01.958969
119.77.12.182,AVAILABILITY,domains.list,2021-07-01 01:27:26.909754
119.77.12.183,AVAILABILITY,domains.list,2021-07-01 01:27:47.528855
119.77.12.184,AVAILABILITY,domains.list,2021-07-01 01:28:11.836865
119.77.12.185,AVAILABILITY,domains.list,2021-07-01 01:28:32.282231
119.77.13.165,AVAILABILITY,domains.list,2021-07-01 01:28:52.900140
119.77.13.166,AVAILABILITY,domains.list,2021-07-01 01:29:13.659659
119.77.13.167,AVAILABILITY,domains.list,2021-07-01 01:29:43.602856
119.77.13.168,AVAILABILITY,domains.list,2021-07-01 01:30:11.541233
119.77.13.169,AVAILABILITY,domains.list,2021-07-01 01:30:32.370700
119.84.122.240,AVAILABILITY,domains.list,2021-07-01 01:30:52.565797
119.84.122.250,AVAILABILITY,domains.list,2021-07-01 01:31:12.922579
119.84.77.250,AVAILABILITY,domains.list,2021-07-01 01:31:34.183765
119.97.134.240,AVAILABILITY,domains.list,2021-07-01 01:31:35.674053
119.97.134.250,AVAILABILITY,domains.list,2021-07-01 01:31:56.763739
12.105.227.60,AVAILABILITY,domains.list,2021-07-01 01:32:17.070343
12.120.1.155,AVAILABILITY,domains.list,2021-07-01 01:32:43.099193
12.120.13.105,AVAILABILITY,domains.list,2021-07-01 01:33:03.424831
12.120.17.15,AVAILABILITY,domains.list,2021-07-01 01:33:23.702568
12.120.21.105,AVAILABILITY,domains.list,2021-07-01 01:33:44.072115
12.120.25.15,AVAILABILITY,domains.list,2021-07-01 01:34:04.655437
12.120.29.105,AVAILABILITY,domains.list,2021-07-01 01:34:24.856570
12.120.29.15,AVAILABILITY,domains.list,2021-07-01 01:34:45.058357
12.120.33.15,AVAILABILITY,domains.list,2021-07-01 01:35:05.301609
12.120.37.15,AVAILABILITY,domains.list,2021-07-01 01:35:25.643157
12.120.41.105,AVAILABILITY,domains.list,2021-07-01 01:35:46.264397
12.120.41.15,AVAILABILITY,domains.list,2021-07-01 01:36:06.942866
12.120.45.15,AVAILABILITY,domains.list,2021-07-01 01:36:27.124098
12.120.5.15,AVAILABILITY,domains.list,2021-07-01 01:36:47.476192
12.120.69.15,AVAILABILITY,domains.list,2021-07-01 01:37:07.762233
12.120.9.105,AVAILABILITY,domains.list,2021-07-01 01:37:28.504068
12.120.9.15,AVAILABILITY,domains.list,2021-07-01 01:37:48.978851
12.129.206.71,AVAILABILITY,domains.list,2021-07-01 01:38:52.826888
12.130.14.155,AVAILABILITY,domains.list,2021-07-01 01:39:13.096296
12.130.50.205,AVAILABILITY,domains.list,2021-07-01 01:39:34.323071
12.130.62.118,AVAILABILITY,domains.list,2021-07-01 01:39:55.055920
12.130.62.126,AVAILABILITY,domains.list,2021-07-01 01:40:15.577630
12.130.86.86,AVAILABILITY,domains.list,2021-07-01 01:40:35.812850
12.14.172.204,AVAILABILITY,domains.list,2021-07-01 01:41:16.360203
12.158.234.169,AVAILABILITY,domains.list,2021-07-01 01:41:37.052606
12.163.148.9,AVAILABILITY,domains.list,2021-07-01 01:41:57.587189
12.171.94.36,AVAILABILITY,domains.list,2021-07-01 01:42:18.279695
12.171.94.38,AVAILABILITY,domains.list,2021-07-01 01:42:18.955924
12.171.94.40,AVAILABILITY,domains.list,2021-07-01 01:42:19.173182
12.46.185.206,AVAILABILITY,domains.list,2021-07-01 01:42:39.691324
12.47.46.231,AVAILABILITY,domains.list,2021-07-01 01:43:00.258130
121.0.16.130,AVAILABILITY,domains.list,2021-07-01 01:43:20.846125
121.10.132.223,AVAILABILITY,domains.list,2021-07-01 01:43:41.427057
121.10.132.235,AVAILABILITY,domains.list,2021-07-01 01:44:06.373369
121.11.149.28,AVAILABILITY,domains.list,2021-07-01 01:44:26.740979
121.11.69.211,AVAILABILITY,domains.list,2021-07-01 01:44:47.918009
121.11.69.212,AVAILABILITY,domains.list,2021-07-01 01:45:15.016002
121.12.173.157,AVAILABILITY,domains.list,2021-07-01 01:45:35.617372
121.12.173.212,AVAILABILITY,domains.list,2021-07-01 01:45:56.158643
121.14.35.166,AVAILABILITY,domains.list,2021-07-01 01:46:20.596317
121.14.35.167,AVAILABILITY,domains.list,2021-07-01 01:46:41.220383
122.224.146.36,AVAILABILITY,domains.list,2021-07-01 01:47:10.038379
122.224.146.77,AVAILABILITY,domains.list,2021-07-01 01:47:34.143185
122.225.99.192,AVAILABILITY,domains.list,2021-07-01 01:47:56.851329
122.228.242.250,AVAILABILITY,domains.list,2021-07-01 01:48:33.730053
122.228.243.240,AVAILABILITY,domains.list,2021-07-01 01:48:59.827202
122.228.243.250,AVAILABILITY,domains.list,2021-07-01 01:49:25.570446
123.125.115.43,AVAILABILITY,domains.list,2021-07-01 01:49:46.840754
123.125.115.50,AVAILABILITY,domains.list,2021-07-01 01:50:08.057447
123.125.115.51,AVAILABILITY,domains.list,2021-07-01 01:50:28.748871
125.7.34.1,AVAILABILITY,domains.list,2021-07-01 01:50:39.448225
125.7.34.11,AVAILABILITY,domains.list,2021-07-01 01:50:40.794802
125.7.34.12,AVAILABILITY,domains.list,2021-07-01 01:50:41.700130
125.7.34.123,AVAILABILITY,domains.list,2021-07-01 01:51:02.197178
125.7.34.13,AVAILABILITY,domains.list,2021-07-01 01:51:03.425143
125.7.34.16,AVAILABILITY,domains.list,2021-07-01 01:51:24.165298
125.7.34.17,AVAILABILITY,domains.list,2021-07-01 01:51:44.963948
125.7.34.6,AVAILABILITY,domains.list,2021-07-01 01:51:46.067666
125.7.34.7,AVAILABILITY,domains.list,2021-07-01 01:51:46.891923
125.76.224.240,AVAILABILITY,domains.list,2021-07-01 01:52:22.231464
125.76.224.250,AVAILABILITY,domains.list,2021-07-01 01:52:55.474544
128.11.42.61,AVAILABILITY,domains.list,2021-07-01 01:53:53.336058
128.121.236.169,AVAILABILITY,domains.list,2021-07-01 01:55:00.723300
128.140.169.135,AVAILABILITY,domains.list,2021-07-01 01:55:23.713034
128.140.169.226,AVAILABILITY,domains.list,2021-07-01 01:56:05.940075
128.140.169.228,AVAILABILITY,domains.list,2021-07-01 01:56:26.723293
128.140.169.232,AVAILABILITY,domains.list,2021-07-01 01:56:47.406253
128.140.169.242,AVAILABILITY,domains.list,2021-07-01 01:57:08.268972
128.140.169.244,AVAILABILITY,domains.list,2021-07-01 01:57:28.771787
128.140.169.248,AVAILABILITY,domains.list,2021-07-01 01:57:49.094150
128.241.88.160,AVAILABILITY,domains.list,2021-07-01 01:58:14.776267
128.241.88.161,AVAILABILITY,domains.list,2021-07-01 01:58:35.079146
128.241.88.55,AVAILABILITY,domains.list,2021-07-01 01:58:55.813805
128.242.118.139,AVAILABILITY,domains.list,2021-07-01 01:59:16.210820
128.242.120.21,AVAILABILITY,domains.list,2021-07-01 01:59:36.992150
128.242.120.22,AVAILABILITY,domains.list,2021-07-01 01:59:57.379162
128.242.127.7,AVAILABILITY,domains.list,2021-07-01 02:00:18.004313
128.242.247.185,AVAILABILITY,domains.list,2021-07-01 02:00:38.754177
128.242.249.133,AVAILABILITY,domains.list,2021-07-01 02:00:59.702920
128.242.252.86,AVAILABILITY,domains.list,2021-07-01 02:01:20.272113
129.250.159.170,AVAILABILITY,domains.list,2021-07-01 02:01:47.881721
129.33.228.192,AVAILABILITY,domains.list,2021-07-01 02:02:13.597904
131.253.13.32,AVAILABILITY,domains.list,2021-07-01 02:02:33.969286
14.63.233.90,AVAILABILITY,domains.list,2021-07-01 02:02:57.231803
141.0.173.86,AVAILABILITY,domains.list,2021-07-01 02:03:11.202336
141.0.173.87,AVAILABILITY,domains.list,2021-07-01 02:03:12.281673
141.101.112.11,AVAILABILITY,domains.list,2021-07-01 02:03:32.696606
141.101.112.119,AVAILABILITY,domains.list,2021-07-01 02:03:57.576459
141.101.112.42,AVAILABILITY,domains.list,2021-07-01 02:04:17.824218
141.101.116.137,AVAILABILITY,domains.list,2021-07-01 02:04:39.226532
141.101.116.64,AVAILABILITY,domains.list,2021-07-01 02:04:59.498763
141.101.117.137,AVAILABILITY,domains.list,2021-07-01 02:05:19.864531
141.101.117.64,AVAILABILITY,domains.list,2021-07-01 02:05:40.140666
141.8.224.185,AVAILABILITY,domains.list,2021-07-01 02:05:47.483881
141.8.224.67,AVAILABILITY,domains.list,2021-07-01 02:05:49.859549
144.140.254.208,AVAILABILITY,domains.list,2021-07-01 02:06:12.156281
146.101.66.152,AVAILABILITY,domains.list,2021-07-01 02:06:35.112540
146.82.109.225,AVAILABILITY,domains.list,2021-07-01 02:06:55.994419
146.82.138.194,AVAILABILITY,domains.list,2021-07-01 02:07:16.956762
146.82.202.88,AVAILABILITY,domains.list,2021-07-01 02:07:37.906265
146.82.206.34,AVAILABILITY,domains.list,2021-07-01 02:08:05.465941
147.136.250.60,AVAILABILITY,domains.list,2021-07-01 02:08:26.143956
147.202.86.254,AVAILABILITY,domains.list,2021-07-01 02:08:28.014108
147.208.169.72,AVAILABILITY,domains.list,2021-07-01 02:08:48.692019
147.208.175.16,AVAILABILITY,domains.list,2021-07-01 02:09:09.309228
149.13.34.195,AVAILABILITY,domains.list,2021-07-01 02:09:44.656021
151.1.32.173,AVAILABILITY,domains.list,2021-07-01 02:10:49.993782
151.1.32.174,AVAILABILITY,domains.list,2021-07-01 02:11:10.826794
151.1.32.177,AVAILABILITY,domains.list,2021-07-01 02:11:31.416972
151.1.32.178,AVAILABILITY,domains.list,2021-07-01 02:11:52.022259
151.249.93.133,AVAILABILITY,domains.list,2021-07-01 02:12:15.305607
151.249.93.83,AVAILABILITY,domains.list,2021-07-01 02:12:35.609817
151.249.94.136,AVAILABILITY,domains.list,2021-07-01 02:12:55.907425
151.249.94.139,AVAILABILITY,domains.list,2021-07-01 02:13:16.219938
151.249.94.14,AVAILABILITY,domains.list,2021-07-01 02:13:36.501539
151.249.94.140,AVAILABILITY,domains.list,2021-07-01 02:13:56.859784
151.249.94.15,AVAILABILITY,domains.list,2021-07-01 02:14:17.088659
151.249.94.18,AVAILABILITY,domains.list,2021-07-01 02:14:37.417906
151.249.94.205,AVAILABILITY,domains.list,2021-07-01 02:14:57.558631
151.249.94.210,AVAILABILITY,domains.list,2021-07-01 02:15:17.846640
151.249.94.23,AVAILABILITY,domains.list,2021-07-01 02:15:38.125068
151.249.94.68,AVAILABILITY,domains.list,2021-07-01 02:15:58.431583
151.249.94.7,AVAILABILITY,domains.list,2021-07-01 02:16:18.740824
151.249.94.71,AVAILABILITY,domains.list,2021-07-01 02:16:39.040422
151.249.94.73,AVAILABILITY,domains.list,2021-07-01 02:16:59.342699
151.249.94.77,AVAILABILITY,domains.list,2021-07-01 02:17:19.627976
151.249.94.79,AVAILABILITY,domains.list,2021-07-01 02:17:39.835399
151.249.94.8,AVAILABILITY,domains.list,2021-07-01 02:18:04.391078
151.249.94.80,AVAILABILITY,domains.list,2021-07-01 02:18:24.670077
151.249.94.81,AVAILABILITY,domains.list,2021-07-01 02:18:44.913699
151.249.94.84,AVAILABILITY,domains.list,2021-07-01 02:19:05.151230
151.249.94.86,AVAILABILITY,domains.list,2021-07-01 02:19:25.366843
151.249.94.88,AVAILABILITY,domains.list,2021-07-01 02:19:45.585728
151.249.94.89,AVAILABILITY,domains.list,2021-07-01 02:20:05.868477
152.163.226.121,AVAILABILITY,domains.list,2021-07-01 02:20:41.223335
152.163.226.153,AVAILABILITY,domains.list,2021-07-01 02:21:16.569996
152.163.226.185,AVAILABILITY,domains.list,2021-07-01 02:21:46.715431
152.163.226.25,AVAILABILITY,domains.list,2021-07-01 02:22:22.065156
152.163.226.57,AVAILABILITY,domains.list,2021-07-01 02:23:02.625278
152.163.226.89,AVAILABILITY,domains.list,2021-07-01 02:23:43.181887
154.53.129.43,AVAILABILITY,domains.list,2021-07-01 02:24:03.480080
154.53.129.44,AVAILABILITY,domains.list,2021-07-01 02:24:23.866707
154.53.129.45,AVAILABILITY,domains.list,2021-07-01 02:24:44.095618
154.53.129.47,AVAILABILITY,domains.list,2021-07-01 02:25:04.483689
156.154.164.9,AVAILABILITY,domains.list,2021-07-01 02:25:24.744827
158.255.224.131,AVAILABILITY,domains.list,2021-07-01 02:25:31.243704
158.255.224.136,AVAILABILITY,domains.list,2021-07-01 02:26:17.966723
159.54.34.142,AVAILABILITY,domains.list,2021-07-01 02:26:41.014376
159.54.34.17,AVAILABILITY,domains.list,2021-07-01 02:27:01.254515
159.54.34.194,AVAILABILITY,domains.list,2021-07-01 02:27:21.404428
159.54.34.225,AVAILABILITY,domains.list,2021-07-01 02:27:41.543567
161.58.12.234,AVAILABILITY,domains.list,2021-07-01 02:28:01.961134
161.58.178.209,AVAILABILITY,domains.list,2021-07-01 02:28:22.978475
161.58.179.169,AVAILABILITY,domains.list,2021-07-01 02:28:43.570519
161.58.181.137,AVAILABILITY,domains.list,2021-07-01 02:29:04.152773
161.58.187.157,AVAILABILITY,domains.list,2021-07-01 02:29:24.835538
161.58.191.254,AVAILABILITY,domains.list,2021-07-01 02:29:45.787175
161.58.56.25,AVAILABILITY,domains.list,2021-07-01 02:30:06.131755
161.58.80.46,AVAILABILITY,domains.list,2021-07-01 02:30:26.677723
162.42.211.167,AVAILABILITY,domains.list,2021-07-01 02:30:48.155423
164.109.17.16,AVAILABILITY,domains.list,2021-07-01 02:31:09.488378
164.115.2.134,AVAILABILITY,domains.list,2021-07-01 02:31:31.935674
164.115.2.135,AVAILABILITY,domains.list,2021-07-01 02:31:56.109690
164.115.2.144,AVAILABILITY,domains.list,2021-07-01 02:32:17.581492
164.115.2.146,AVAILABILITY,domains.list,2021-07-01 02:32:38.609212
164.115.2.149,AVAILABILITY,domains.list,2021-07-01 02:33:04.829900
164.115.31.100,AVAILABILITY,domains.list,2021-07-01 02:33:26.020247
164.115.31.102,AVAILABILITY,domains.list,2021-07-01 02:33:51.583413
164.115.31.103,AVAILABILITY,domains.list,2021-07-01 02:34:12.586428
165.193.245.54,AVAILABILITY,domains.list,2021-07-01 02:34:33.230344
166.78.85.233,AVAILABILITY,domains.list,2021-07-01 02:34:56.635492
166.78.95.129,AVAILABILITY,domains.list,2021-07-01 02:35:17.154069
167.8.128.40,AVAILABILITY,domains.list,2021-07-01 02:35:38.259394
167.8.128.41,AVAILABILITY,domains.list,2021-07-01 02:35:58.740856
167.8.226.26,AVAILABILITY,domains.list,2021-07-01 02:36:19.497370
168.143.117.49,AVAILABILITY,domains.list,2021-07-01 02:36:40.566303
168.143.35.194,AVAILABILITY,domains.list,2021-07-01 02:37:01.084170
168.143.84.99,AVAILABILITY,domains.list,2021-07-01 02:37:31.688827
168.144.168.116,AVAILABILITY,domains.list,2021-07-01 02:37:52.125301
168.215.71.242,AVAILABILITY,domains.list,2021-07-01 02:38:13.392130
168.215.71.243,AVAILABILITY,domains.list,2021-07-01 02:38:33.913776
168.62.30.182,AVAILABILITY,domains.list,2021-07-01 02:38:54.101628
168.75.211.34,AVAILABILITY,domains.list,2021-07-01 02:39:25.007909
168.75.66.156,AVAILABILITY,domains.list,2021-07-01 02:39:49.457918
168.75.66.158,AVAILABILITY,domains.list,2021-07-01 02:40:09.638717
173.0.67.27,AVAILABILITY,domains.list,2021-07-01 02:40:30.303909
173.194.36.104,AVAILABILITY,domains.list,2021-07-01 02:41:22.797178
173.194.37.104,AVAILABILITY,domains.list,2021-07-01 02:42:26.349271
173.194.65.100,AVAILABILITY,domains.list,2021-07-01 02:43:16.695174
173.194.65.101,AVAILABILITY,domains.list,2021-07-01 02:43:36.988906
173.194.65.102,AVAILABILITY,domains.list,2021-07-01 02:43:57.175917
173.194.65.113,AVAILABILITY,domains.list,2021-07-01 02:44:17.613553
173.194.65.138,AVAILABILITY,domains.list,2021-07-01 02:44:37.888215
173.194.65.139,AVAILABILITY,domains.list,2021-07-01 02:44:58.101951
173.199.133.86,AVAILABILITY,domains.list,2021-07-01 02:45:54.669242
173.199.149.66,AVAILABILITY,domains.list,2021-07-01 02:46:14.988556
173.203.191.118,AVAILABILITY,domains.list,2021-07-01 02:46:35.701686
173.212.56.172,AVAILABILITY,domains.list,2021-07-01 02:46:57.310037
173.212.56.177,AVAILABILITY,domains.list,2021-07-01 02:47:18.395960
173.212.56.178,AVAILABILITY,domains.list,2021-07-01 02:47:38.690957
173.212.56.183,AVAILABILITY,domains.list,2021-07-01 02:47:59.251123
173.212.56.184,AVAILABILITY,domains.list,2021-07-01 02:48:20.044354
173.212.56.186,AVAILABILITY,domains.list,2021-07-01 02:48:40.368853
173.212.56.199,AVAILABILITY,domains.list,2021-07-01 02:49:00.853285
173.212.56.209,AVAILABILITY,domains.list,2021-07-01 02:49:21.155012
173.212.56.210,AVAILABILITY,domains.list,2021-07-01 02:49:41.638290
173.212.56.228,AVAILABILITY,domains.list,2021-07-01 02:50:02.243520
173.212.56.229,AVAILABILITY,domains.list,2021-07-01 02:50:22.727934
173.212.56.232,AVAILABILITY,domains.list,2021-07-01 02:50:43.145415
173.212.56.97,AVAILABILITY,domains.list,2021-07-01 02:51:03.638933
173.214.168.171,AVAILABILITY,domains.list,2021-07-01 02:51:24.154408
173.225.27.85,AVAILABILITY,domains.list,2021-07-01 02:52:01.787294
173.227.66.102,AVAILABILITY,domains.list,2021-07-01 02:52:27.319903
173.227.66.108,AVAILABILITY,domains.list,2021-07-01 02:52:47.519538
173.227.66.117,AVAILABILITY,domains.list,2021-07-01 02:53:07.703300
173.227.66.14,AVAILABILITY,domains.list,2021-07-01 02:53:33.134855
173.227.66.20,AVAILABILITY,domains.list,2021-07-01 02:53:53.314673
173.227.66.23,AVAILABILITY,domains.list,2021-07-01 02:54:13.543073
173.227.66.26,AVAILABILITY,domains.list,2021-07-01 02:54:33.934621
173.227.66.29,AVAILABILITY,domains.list,2021-07-01 02:54:54.170124
173.231.140.218,AVAILABILITY,domains.list,2021-07-01 02:55:20.465248
173.231.140.219,AVAILABILITY,domains.list,2021-07-01 02:55:41.212321
173.240.1.37,AVAILABILITY,domains.list,2021-07-01 02:56:16.837087
173.240.1.38,AVAILABILITY,domains.list,2021-07-01 02:56:43.021001
173.241.240.4,AVAILABILITY,domains.list,2021-07-01 02:57:18.366533
173.245.60.121,AVAILABILITY,domains.list,2021-07-01 02:58:25.897510
173.245.60.15,AVAILABILITY,domains.list,2021-07-01 02:58:46.110860
173.245.60.44,AVAILABILITY,domains.list,2021-07-01 02:59:06.306477
173.245.61.145,AVAILABILITY,domains.list,2021-07-01 02:59:26.581955
173.245.61.15,AVAILABILITY,domains.list,2021-07-01 02:59:46.757606
173.245.61.30,AVAILABILITY,domains.list,2021-07-01 03:00:06.950473
173.245.61.56,AVAILABILITY,domains.list,2021-07-01 03:00:27.271307
173.45.161.14,AVAILABILITY,domains.list,2021-07-01 03:00:30.463741
174.128.237.30,AVAILABILITY,domains.list,2021-07-01 03:00:59.816383
174.136.107.84,AVAILABILITY,domains.list,2021-07-01 03:01:48.708241
174.137.114.57,AVAILABILITY,domains.list,2021-07-01 03:02:09.100188
174.137.114.60,AVAILABILITY,domains.list,2021-07-01 03:02:29.358926
174.137.114.62,AVAILABILITY,domains.list,2021-07-01 03:02:49.548615
174.137.125.110,AVAILABILITY,domains.list,2021-07-01 03:03:11.450764
174.137.125.35,AVAILABILITY,domains.list,2021-07-01 03:03:31.779918
174.137.125.36,AVAILABILITY,domains.list,2021-07-01 03:03:52.085814
174.137.125.68,AVAILABILITY,domains.list,2021-07-01 03:04:12.500418
174.137.125.78,AVAILABILITY,domains.list,2021-07-01 03:04:32.927643
174.137.125.92,AVAILABILITY,domains.list,2021-07-01 03:04:53.175052
174.137.125.95,AVAILABILITY,domains.list,2021-07-01 03:05:13.417846
174.137.34.105,AVAILABILITY,domains.list,2021-07-01 03:05:34.065348
174.140.17.100,AVAILABILITY,domains.list,2021-07-01 03:05:56.013151
174.142.11.178,AVAILABILITY,domains.list,2021-07-01 03:06:17.704155
174.142.113.41,AVAILABILITY,domains.list,2021-07-01 03:06:38.779332
174.142.113.46,AVAILABILITY,domains.list,2021-07-01 03:06:59.857482
174.142.251.53,AVAILABILITY,domains.list,2021-07-01 03:07:20.895791
174.142.79.83,AVAILABILITY,domains.list,2021-07-01 03:07:41.943948
174.143.100.53,AVAILABILITY,domains.list,2021-07-01 03:08:02.240972
174.143.114.147,AVAILABILITY,domains.list,2021-07-01 03:08:22.625146
174.143.172.51,AVAILABILITY,domains.list,2021-07-01 03:08:44.206957
174.143.234.59,AVAILABILITY,domains.list,2021-07-01 03:09:05.146440
174.143.45.106,AVAILABILITY,domains.list,2021-07-01 03:09:26.730229
174.143.45.129,AVAILABILITY,domains.list,2021-07-01 03:09:47.050819
174.143.51.42,AVAILABILITY,domains.list,2021-07-01 03:10:07.438479
174.143.53.252,AVAILABILITY,domains.list,2021-07-01 03:10:27.678921
174.34.228.181,AVAILABILITY,domains.list,2021-07-01 03:10:49.884082
174.34.255.64,AVAILABILITY,domains.list,2021-07-01 03:11:12.119068
174.35.64.38,AVAILABILITY,domains.list,2021-07-01 03:11:35.925794
174.35.64.49,AVAILABILITY,domains.list,2021-07-01 03:11:59.598707
174.46.248.90,AVAILABILITY,domains.list,2021-07-01 03:12:50.513882
175.41.3.36,AVAILABILITY,domains.list,2021-07-01 03:13:16.712559
176.32.101.129,AVAILABILITY,domains.list,2021-07-01 03:15:06.166229
176.32.101.65,AVAILABILITY,domains.list,2021-07-01 03:15:26.910191
176.32.101.73,AVAILABILITY,domains.list,2021-07-01 03:15:47.058941
176.32.102.122,AVAILABILITY,domains.list,2021-07-01 03:16:07.573070
176.32.99.153,AVAILABILITY,domains.list,2021-07-01 03:16:29.334182
176.32.99.161,AVAILABILITY,domains.list,2021-07-01 03:16:49.599793
176.32.99.164,AVAILABILITY,domains.list,2021-07-01 03:17:09.876946
178.250.0.87,AVAILABILITY,domains.list,2021-07-01 03:17:38.307921
182.131.17.240,AVAILABILITY,domains.list,2021-07-01 03:18:04.010286
182.131.17.250,AVAILABILITY,domains.list,2021-07-01 03:18:25.571938
182.48.20.237,AVAILABILITY,domains.list,2021-07-01 03:18:53.903469
183.60.136.42,AVAILABILITY,domains.list,2021-07-01 03:19:14.661615
183.60.136.43,AVAILABILITY,domains.list,2021-07-01 03:19:22.927116
183.60.136.44,AVAILABILITY,domains.list,2021-07-01 03:19:43.131825
183.60.136.45,AVAILABILITY,domains.list,2021-07-01 03:20:04.349110
183.60.136.46,AVAILABILITY,domains.list,2021-07-01 03:20:21.346385
183.60.136.65,AVAILABILITY,domains.list,2021-07-01 03:20:41.936678
184.105.177.9,AVAILABILITY,domains.list,2021-07-01 03:21:02.092328
184.106.218.181,AVAILABILITY,domains.list,2021-07-01 03:21:22.617777
184.106.40.102,AVAILABILITY,domains.list,2021-07-01 03:21:42.936757
184.107.176.141,AVAILABILITY,domains.list,2021-07-01 03:22:03.481927
184.107.179.18,AVAILABILITY,domains.list,2021-07-01 03:22:23.976165
184.107.233.122,AVAILABILITY,domains.list,2021-07-01 03:22:44.379485
185.31.16.129,AVAILABILITY,domains.list,2021-07-01 03:23:15.674327
185.31.16.131,AVAILABILITY,domains.list,2021-07-01 03:23:36.018647
185.31.16.192,AVAILABILITY,domains.list,2021-07-01 03:23:56.334556
185.31.17.129,AVAILABILITY,domains.list,2021-07-01 03:24:16.580732
185.31.17.192,AVAILABILITY,domains.list,2021-07-01 03:24:36.809886
185.31.18.129,AVAILABILITY,domains.list,2021-07-01 03:24:57.122843
185.31.18.131,AVAILABILITY,domains.list,2021-07-01 03:25:17.494271
185.31.18.192,AVAILABILITY,domains.list,2021-07-01 03:25:37.811993
185.31.18.194,AVAILABILITY,domains.list,2021-07-01 03:25:58.162515
185.31.19.129,AVAILABILITY,domains.list,2021-07-01 03:26:18.426356
185.31.19.131,AVAILABILITY,domains.list,2021-07-01 03:26:38.707042
185.31.19.192,AVAILABILITY,domains.list,2021-07-01 03:26:58.926893
185.31.19.194,AVAILABILITY,domains.list,2021-07-01 03:27:19.241561
188.120.246.197,AVAILABILITY,domains.list,2021-07-01 03:27:41.866139
188.65.61.50,AVAILABILITY,domains.list,2021-07-01 03:28:08.856086
188.93.8.30,AVAILABILITY,domains.list,2021-07-01 03:28:29.978333
192.0.80.248,AVAILABILITY,domains.list,2021-07-01 03:28:51.408993
192.148.26.68,AVAILABILITY,domains.list,2021-07-01 03:29:13.134645
192.155.50.93,AVAILABILITY,domains.list,2021-07-01 03:29:33.838336
192.206.150.192,AVAILABILITY,domains.list,2021-07-01 03:29:55.484047
192.221.106.126,AVAILABILITY,domains.list,2021-07-01 03:31:00.600115
192.221.111.126,AVAILABILITY,domains.list,2021-07-01 03:31:20.954217
192.221.111.253,AVAILABILITY,domains.list,2021-07-01 03:31:41.174853
192.221.115.254,AVAILABILITY,domains.list,2021-07-01 03:31:41.462677
192.221.120.126,AVAILABILITY,domains.list,2021-07-01 03:31:41.808798
192.221.97.126,AVAILABILITY,domains.list,2021-07-01 03:31:42.136818
192.237.150.253,AVAILABILITY,domains.list,2021-07-01 03:32:02.306491
192.237.165.27,AVAILABILITY,domains.list,2021-07-01 03:32:22.550444
192.245.235.5,AVAILABILITY,domains.list,2021-07-01 03:32:43.071231
192.31.186.13,AVAILABILITY,domains.list,2021-07-01 03:33:03.597696
192.31.186.143,AVAILABILITY,domains.list,2021-07-01 03:33:23.852727
192.31.186.149,AVAILABILITY,domains.list,2021-07-01 03:33:44.034942
192.31.186.162,AVAILABILITY,domains.list,2021-07-01 03:34:04.230501
192.31.186.17,AVAILABILITY,domains.list,2021-07-01 03:34:24.461352
192.31.186.22,AVAILABILITY,domains.list,2021-07-01 03:34:44.666575
192.31.186.23,AVAILABILITY,domains.list,2021-07-01 03:35:04.830879
192.31.186.24,AVAILABILITY,domains.list,2021-07-01 03:35:25.026029
192.31.186.31,AVAILABILITY,domains.list,2021-07-01 03:35:45.238649
192.31.186.51,AVAILABILITY,domains.list,2021-07-01 03:36:05.405303
192.31.186.8,AVAILABILITY,domains.list,2021-07-01 03:36:25.580806
192.71.58.232,AVAILABILITY,domains.list,2021-07-01 03:36:46.794720
193.105.127.48,AVAILABILITY,domains.list,2021-07-01 03:37:07.893239
193.110.128.209,AVAILABILITY,domains.list,2021-07-01 03:37:30.365253
193.110.128.212,AVAILABILITY,domains.list,2021-07-01 03:37:51.098874
193.110.128.96,AVAILABILITY,domains.list,2021-07-01 03:38:17.170703
193.110.146.70,AVAILABILITY,domains.list,2021-07-01 03:38:37.804183
193.110.146.71,AVAILABILITY,domains.list,2021-07-01 03:38:58.069062
193.111.160.200,AVAILABILITY,domains.list,2021-07-01 03:39:18.416928
193.125.152.10,AVAILABILITY,domains.list,2021-07-01 03:39:38.908104
193.138.212.50,AVAILABILITY,domains.list,2021-07-01 03:40:00.374169
193.142.100.166,AVAILABILITY,domains.list,2021-07-01 03:40:21.146932
193.149.47.98,AVAILABILITY,domains.list,2021-07-01 03:40:42.603087
193.169.234.204,AVAILABILITY,domains.list,2021-07-01 03:41:26.388434
193.169.234.205,AVAILABILITY,domains.list,2021-07-01 03:41:56.531965
193.169.66.18,AVAILABILITY,domains.list,2021-07-01 03:42:17.476816
193.19.137.248,AVAILABILITY,domains.list,2021-07-01 03:42:40.817288
193.201.10.242,AVAILABILITY,domains.list,2021-07-01 03:43:04.223284
193.201.12.48,AVAILABILITY,domains.list,2021-07-01 03:43:28.209265
193.202.82.155,AVAILABILITY,domains.list,2021-07-01 03:43:48.640956
193.202.83.19,AVAILABILITY,domains.list,2021-07-01 03:44:09.217215
193.203.227.118,AVAILABILITY,domains.list,2021-07-01 03:44:29.581346
193.22.164.62,AVAILABILITY,domains.list,2021-07-01 03:44:50.660436
193.227.204.179,AVAILABILITY,domains.list,2021-07-01 03:45:11.976758
193.231.202.29,AVAILABILITY,domains.list,2021-07-01 03:45:36.613780
193.239.249.18,AVAILABILITY,domains.list,2021-07-01 03:45:57.344190
193.24.252.33,AVAILABILITY,domains.list,2021-07-01 03:47:39.119397
193.24.255.11,AVAILABILITY,domains.list,2021-07-01 03:48:00.715497
193.252.138.38,AVAILABILITY,domains.list,2021-07-01 03:48:23.127736
193.252.138.84,AVAILABILITY,domains.list,2021-07-01 03:48:44.097370
193.252.242.154,AVAILABILITY,domains.list,2021-07-01 03:49:05.896842
193.252.242.218,AVAILABILITY,domains.list,2021-07-01 03:49:26.663635
193.254.184.86,AVAILABILITY,domains.list,2021-07-01 03:49:48.549696
193.254.241.63,AVAILABILITY,domains.list,2021-07-01 03:50:09.623434
193.27.253.44,AVAILABILITY,domains.list,2021-07-01 03:50:30.168915
193.28.197.214,AVAILABILITY,domains.list,2021-07-01 03:50:57.913846
193.28.197.91,AVAILABILITY,domains.list,2021-07-01 03:51:18.772164
193.33.115.57,AVAILABILITY,domains.list,2021-07-01 03:51:40.293291
193.33.115.64,AVAILABILITY,domains.list,2021-07-01 03:52:01.007016
193.85.207.202,AVAILABILITY,domains.list,2021-07-01 03:52:43.326768
193.86.103.74,AVAILABILITY,domains.list,2021-07-01 03:53:10.257764
193.88.71.111,AVAILABILITY,domains.list,2021-07-01 03:53:39.246898
193.88.71.114,AVAILABILITY,domains.list,2021-07-01 03:54:00.267664
193.88.71.141,AVAILABILITY,domains.list,2021-07-01 03:54:21.541746
193.88.71.149,AVAILABILITY,domains.list,2021-07-01 03:54:43.458990
193.88.71.150,AVAILABILITY,domains.list,2021-07-01 03:55:04.554829
193.88.71.154,AVAILABILITY,domains.list,2021-07-01 03:55:25.006268
193.88.71.155,AVAILABILITY,domains.list,2021-07-01 03:55:45.455913
193.88.71.156,AVAILABILITY,domains.list,2021-07-01 03:56:08.576954
193.88.71.158,AVAILABILITY,domains.list,2021-07-01 03:56:29.340009
193.88.71.161,AVAILABILITY,domains.list,2021-07-01 03:56:50.501607
193.88.71.163,AVAILABILITY,domains.list,2021-07-01 03:57:11.256956
193.88.71.164,AVAILABILITY,domains.list,2021-07-01 03:57:32.014291
193.88.71.165,AVAILABILITY,domains.list,2021-07-01 03:57:52.464196
193.88.71.167,AVAILABILITY,domains.list,2021-07-01 03:58:13.223476
193.88.71.168,AVAILABILITY,domains.list,2021-07-01 03:58:33.998551
193.88.71.170,AVAILABILITY,domains.list,2021-07-01 03:58:54.760345
193.88.71.172,AVAILABILITY,domains.list,2021-07-01 03:59:15.387828
193.88.89.178,AVAILABILITY,domains.list,2021-07-01 03:59:37.656232
193.88.89.25,AVAILABILITY,domains.list,2021-07-01 03:59:58.707035
193.88.89.48,AVAILABILITY,domains.list,2021-07-01 04:00:19.610787
194.100.134.17,AVAILABILITY,domains.list,2021-07-01 04:00:47.660688
194.100.134.20,AVAILABILITY,domains.list,2021-07-01 04:01:09.125077
194.107.19.164,AVAILABILITY,domains.list,2021-07-01 04:01:38.991231
194.108.10.68,AVAILABILITY,domains.list,2021-07-01 04:02:00.098558
194.108.76.226,AVAILABILITY,domains.list,2021-07-01 04:02:30.008087
194.116.154.20,AVAILABILITY,domains.list,2021-07-01 04:05:41.238130
194.116.167.31,AVAILABILITY,domains.list,2021-07-01 04:06:01.754158
194.116.167.51,AVAILABILITY,domains.list,2021-07-01 04:06:22.090690
194.116.167.56,AVAILABILITY,domains.list,2021-07-01 04:06:22.963231
194.126.131.54,AVAILABILITY,domains.list,2021-07-01 04:06:43.214507
194.126.157.60,AVAILABILITY,domains.list,2021-07-01 04:07:04.654973
194.126.157.64,AVAILABILITY,domains.list,2021-07-01 04:07:25.525024
194.135.19.60,AVAILABILITY,domains.list,2021-07-01 04:07:45.862200
194.149.10.19,AVAILABILITY,domains.list,2021-07-01 04:08:07.423251
194.165.56.231,AVAILABILITY,domains.list,2021-07-01 04:08:35.641770
194.169.128.28,AVAILABILITY,domains.list,2021-07-01 04:09:16.200730
194.169.129.228,AVAILABILITY,domains.list,2021-07-01 04:09:56.759818
194.186.25.4,AVAILABILITY,domains.list,2021-07-01 04:10:23.086199
194.186.88.102,AVAILABILITY,domains.list,2021-07-01 04:10:44.444613
194.187.96.138,AVAILABILITY,domains.list,2021-07-01 04:11:05.946870
194.20.158.119,AVAILABILITY,domains.list,2021-07-01 04:11:32.593345
194.20.158.219,AVAILABILITY,domains.list,2021-07-01 04:11:52.970307
194.203.155.31,AVAILABILITY,domains.list,2021-07-01 04:12:19.172034
194.213.53.208,AVAILABILITY,domains.list,2021-07-01 04:12:40.012474
194.228.200.95,AVAILABILITY,domains.list,2021-07-01 04:13:03.441899
194.228.50.121,AVAILABILITY,domains.list,2021-07-01 04:13:23.988057
194.230.33.138,AVAILABILITY,domains.list,2021-07-01 04:13:50.040691
194.230.33.167,AVAILABILITY,domains.list,2021-07-01 04:14:14.855833
194.24.252.203,AVAILABILITY,domains.list,2021-07-01 04:14:43.384426
194.24.252.208,AVAILABILITY,domains.list,2021-07-01 04:15:09.797314
194.24.252.213,AVAILABILITY,domains.list,2021-07-01 04:15:31.363358
194.24.252.215,AVAILABILITY,domains.list,2021-07-01 04:15:52.102745
194.24.252.217,AVAILABILITY,domains.list,2021-07-01 04:16:12.925443
194.244.107.100,AVAILABILITY,domains.list,2021-07-01 04:16:34.819260
194.28.158.210,AVAILABILITY,domains.list,2021-07-01 04:16:55.254420
194.58.78.43,AVAILABILITY,domains.list,2021-07-01 04:17:15.397542
194.6.248.18,AVAILABILITY,domains.list,2021-07-01 04:17:35.663056
194.65.79.159,AVAILABILITY,domains.list,2021-07-01 04:18:00.826106
194.65.79.50,AVAILABILITY,domains.list,2021-07-01 04:18:22.220313
194.67.23.251,AVAILABILITY,domains.list,2021-07-01 04:18:38.246761
194.67.32.247,AVAILABILITY,domains.list,2021-07-01 04:18:39.677011
194.67.35.133,AVAILABILITY,domains.list,2021-07-01 04:19:01.204094
194.67.35.205,AVAILABILITY,domains.list,2021-07-01 04:19:22.171612
194.67.45.100,AVAILABILITY,domains.list,2021-07-01 04:19:42.979932
194.67.45.105,AVAILABILITY,domains.list,2021-07-01 04:20:03.665959
194.67.45.123,AVAILABILITY,domains.list,2021-07-01 04:20:24.263733
194.67.45.98,AVAILABILITY,domains.list,2021-07-01 04:21:50.363139
194.70.234.209,AVAILABILITY,domains.list,2021-07-01 04:22:10.609380
194.70.234.215,AVAILABILITY,domains.list,2021-07-01 04:22:31.201913
194.71.107.25,AVAILABILITY,domains.list,2021-07-01 04:22:54.450524
194.84.16.2,AVAILABILITY,domains.list,2021-07-01 04:23:17.952164
194.84.16.3,AVAILABILITY,domains.list,2021-07-01 04:23:39.554878
194.9.94.245,AVAILABILITY,domains.list,2021-07-01 04:24:04.412704
194.9.95.245,AVAILABILITY,domains.list,2021-07-01 04:24:29.635757
194.98.19.196,AVAILABILITY,domains.list,2021-07-01 04:24:53.214049
194.98.19.20,AVAILABILITY,domains.list,2021-07-01 04:25:14.688981
194.98.19.21,AVAILABILITY,domains.list,2021-07-01 04:25:35.780323
194.98.19.241,AVAILABILITY,domains.list,2021-07-01 04:25:57.516059
194.98.19.28,AVAILABILITY,domains.list,2021-07-01 04:26:19.263122
194.98.19.30,AVAILABILITY,domains.list,2021-07-01 04:26:41.488375
195.10.195.150,AVAILABILITY,domains.list,2021-07-01 04:27:03.008477
195.10.195.151,AVAILABILITY,domains.list,2021-07-01 04:27:24.469960
195.10.195.152,AVAILABILITY,domains.list,2021-07-01 04:27:45.443488
195.10.195.153,AVAILABILITY,domains.list,2021-07-01 04:28:07.568019
195.10.195.154,AVAILABILITY,domains.list,2021-07-01 04:28:27.965417
195.10.195.155,AVAILABILITY,domains.list,2021-07-01 04:28:49.074317
195.10.195.227,AVAILABILITY,domains.list,2021-07-01 04:29:09.586692
195.113.150.15,AVAILABILITY,domains.list,2021-07-01 04:29:12.553222
195.122.194.228,AVAILABILITY,domains.list,2021-07-01 04:29:49.801237
195.122.194.234,AVAILABILITY,domains.list,2021-07-01 04:30:10.805030
195.122.194.236,AVAILABILITY,domains.list,2021-07-01 04:30:31.974362
195.122.194.240,AVAILABILITY,domains.list,2021-07-01 04:30:52.263738
195.122.194.246,AVAILABILITY,domains.list,2021-07-01 04:31:13.358889
195.14.94.9,AVAILABILITY,domains.list,2021-07-01 04:31:45.892552
195.140.186.183,AVAILABILITY,domains.list,2021-07-01 04:32:14.290901
195.149.105.37,AVAILABILITY,domains.list,2021-07-01 04:32:40.741766
195.151.251.41,AVAILABILITY,domains.list,2021-07-01 04:33:02.826163
195.158.241.11,AVAILABILITY,domains.list,2021-07-01 04:33:23.783457
195.161.118.20,AVAILABILITY,domains.list,2021-07-01 04:33:36.054421
195.161.119.52,AVAILABILITY,domains.list,2021-07-01 04:34:11.580278
195.161.119.84,AVAILABILITY,domains.list,2021-07-01 04:34:41.726676
195.161.119.85,AVAILABILITY,domains.list,2021-07-01 04:35:11.874301
195.165.77.52,AVAILABILITY,domains.list,2021-07-01 04:35:34.859899
195.165.77.53,AVAILABILITY,domains.list,2021-07-01 04:36:05.541794
195.167.100.193,AVAILABILITY,domains.list,2021-07-01 04:36:26.173856
195.170.124.167,AVAILABILITY,domains.list,2021-07-01 04:36:49.213154
195.170.168.2,AVAILABILITY,domains.list,2021-07-01 04:37:56.833840
195.170.99.24,AVAILABILITY,domains.list,2021-07-01 04:38:17.993559
195.179.163.1,AVAILABILITY,domains.list,2021-07-01 04:38:45.146358
195.189.118.37,AVAILABILITY,domains.list,2021-07-01 04:39:06.331907
195.189.143.135,AVAILABILITY,domains.list,2021-07-01 04:39:26.647375
195.189.236.35,AVAILABILITY,domains.list,2021-07-01 04:39:48.137901
195.193.95.230,AVAILABILITY,domains.list,2021-07-01 04:40:08.953587
195.198.236.63,AVAILABILITY,domains.list,2021-07-01 04:40:17.213053
195.20.225.24,AVAILABILITY,domains.list,2021-07-01 04:40:39.275317
195.20.249.19,AVAILABILITY,domains.list,2021-07-01 04:40:59.904436
195.204.232.34,AVAILABILITY,domains.list,2021-07-01 04:41:20.809605
195.204.232.40,AVAILABILITY,domains.list,2021-07-01 04:41:46.661699
195.210.87.1,AVAILABILITY,domains.list,2021-07-01 04:42:07.641422
195.210.87.2,AVAILABILITY,domains.list,2021-07-01 04:42:28.739509
195.210.91.107,AVAILABILITY,domains.list,2021-07-01 04:42:49.836833
195.210.91.77,AVAILABILITY,domains.list,2021-07-01 04:43:10.712137
195.210.96.10,AVAILABILITY,domains.list,2021-07-01 04:43:31.048602
195.210.96.8,AVAILABILITY,domains.list,2021-07-01 04:43:51.387248
195.214.243.117,AVAILABILITY,domains.list,2021-07-01 04:44:18.520033
195.219.3.71,AVAILABILITY,domains.list,2021-07-01 04:44:51.370353
195.219.3.72,AVAILABILITY,domains.list,2021-07-01 04:45:12.138124
195.219.3.73,AVAILABILITY,domains.list,2021-07-01 04:45:32.896355
195.219.3.74,AVAILABILITY,domains.list,2021-07-01 04:45:53.537153
195.219.3.75,AVAILABILITY,domains.list,2021-07-01 04:46:15.493837
195.219.3.76,AVAILABILITY,domains.list,2021-07-01 04:46:35.755552
195.219.3.77,AVAILABILITY,domains.list,2021-07-01 04:46:56.201919
195.219.3.78,AVAILABILITY,domains.list,2021-07-01 04:47:16.497490
195.219.3.79,AVAILABILITY,domains.list,2021-07-01 04:47:36.789740
195.219.3.80,AVAILABILITY,domains.list,2021-07-01 04:47:57.729368
195.219.3.81,AVAILABILITY,domains.list,2021-07-01 04:48:17.976589
195.219.3.82,AVAILABILITY,domains.list,2021-07-01 04:48:38.194490
195.219.3.83,AVAILABILITY,domains.list,2021-07-01 04:49:03.643140
195.219.3.84,AVAILABILITY,domains.list,2021-07-01 04:49:24.083267
195.219.3.85,AVAILABILITY,domains.list,2021-07-01 04:49:44.268076
195.219.3.86,AVAILABILITY,domains.list,2021-07-01 04:50:04.606265
195.219.3.87,AVAILABILITY,domains.list,2021-07-01 04:50:24.795533
195.219.3.88,AVAILABILITY,domains.list,2021-07-01 04:50:45.181628
195.219.3.89,AVAILABILITY,domains.list,2021-07-01 04:51:05.476150
195.219.3.90,AVAILABILITY,domains.list,2021-07-01 04:51:25.722288
195.22.10.107,AVAILABILITY,domains.list,2021-07-01 04:51:47.665273
195.224.235.182,AVAILABILITY,domains.list,2021-07-01 04:52:10.072333
195.225.176.138,AVAILABILITY,domains.list,2021-07-01 04:52:30.865533
195.229.240.108,AVAILABILITY,domains.list,2021-07-01 04:53:26.268949
195.235.97.80,AVAILABILITY,domains.list,2021-07-01 04:53:57.452358
195.239.86.26,AVAILABILITY,domains.list,2021-07-01 04:54:18.358729
195.242.117.32,AVAILABILITY,domains.list,2021-07-01 04:54:39.683616
195.245.179.177,AVAILABILITY,domains.list,2021-07-01 04:55:01.189333
195.246.99.153,AVAILABILITY,domains.list,2021-07-01 04:55:29.953712
195.248.250.50,AVAILABILITY,domains.list,2021-07-01 04:55:50.759321
195.248.251.137,AVAILABILITY,domains.list,2021-07-01 04:56:12.310511
195.248.83.71,AVAILABILITY,domains.list,2021-07-01 04:56:33.381292
195.249.40.10,AVAILABILITY,domains.list,2021-07-01 04:56:54.532782
195.250.204.84,AVAILABILITY,domains.list,2021-07-01 04:57:25.181115
195.26.11.160,AVAILABILITY,domains.list,2021-07-01 04:57:46.101969
195.27.248.187,AVAILABILITY,domains.list,2021-07-01 04:58:06.551504
195.28.79.58,AVAILABILITY,domains.list,2021-07-01 04:58:27.372126
195.39.54.33,AVAILABILITY,domains.list,2021-07-01 04:58:38.489301
195.41.47.113,AVAILABILITY,domains.list,2021-07-01 04:59:08.632787
195.47.108.138,AVAILABILITY,domains.list,2021-07-01 04:59:30.835262
195.52.220.67,AVAILABILITY,domains.list,2021-07-01 04:59:54.044858
195.54.192.200,AVAILABILITY,domains.list,2021-07-01 04:59:56.916116
195.54.48.30,AVAILABILITY,domains.list,2021-07-01 05:00:18.631833
195.68.160.179,AVAILABILITY,domains.list,2021-07-01 05:00:43.383148
195.68.160.185,AVAILABILITY,domains.list,2021-07-01 05:00:44.989070
195.68.160.186,AVAILABILITY,domains.list,2021-07-01 05:01:05.938255
195.69.128.11,AVAILABILITY,domains.list,2021-07-01 05:01:26.799328
195.71.93.131,AVAILABILITY,domains.list,2021-07-01 05:01:48.983718
195.77.175.83,AVAILABILITY,domains.list,2021-07-01 05:02:10.133512
195.77.175.85,AVAILABILITY,domains.list,2021-07-01 05:02:31.403897
195.77.179.23,AVAILABILITY,domains.list,2021-07-01 05:02:53.812450
195.78.108.3,AVAILABILITY,domains.list,2021-07-01 05:03:13.991992
195.78.94.139,AVAILABILITY,domains.list,2021-07-01 05:03:34.897234
195.80.230.221,AVAILABILITY,domains.list,2021-07-01 05:03:35.449786
195.81.202.101,AVAILABILITY,domains.list,2021-07-01 05:03:56.318846
195.81.202.102,AVAILABILITY,domains.list,2021-07-01 05:04:16.921978
195.81.202.103,AVAILABILITY,domains.list,2021-07-01 05:04:37.585817
195.81.202.104,AVAILABILITY,domains.list,2021-07-01 05:04:58.337751
195.81.202.105,AVAILABILITY,domains.list,2021-07-01 05:05:19.087830
195.81.202.106,AVAILABILITY,domains.list,2021-07-01 05:05:39.745570
195.81.202.107,AVAILABILITY,domains.list,2021-07-01 05:06:00.435861
195.81.202.108,AVAILABILITY,domains.list,2021-07-01 05:06:20.812508
195.81.202.109,AVAILABILITY,domains.list,2021-07-01 05:06:41.663794
195.81.202.110,AVAILABILITY,domains.list,2021-07-01 05:07:02.049398
195.81.202.111,AVAILABILITY,domains.list,2021-07-01 05:07:22.765555
195.81.202.112,AVAILABILITY,domains.list,2021-07-01 05:07:43.418307
195.81.202.113,AVAILABILITY,domains.list,2021-07-01 05:08:03.678684
195.81.202.114,AVAILABILITY,domains.list,2021-07-01 05:08:24.293317
195.81.202.115,AVAILABILITY,domains.list,2021-07-01 05:09:57.804250
195.81.202.116,AVAILABILITY,domains.list,2021-07-01 05:10:19.042991
195.81.202.117,AVAILABILITY,domains.list,2021-07-01 05:10:40.031503
195.81.202.118,AVAILABILITY,domains.list,2021-07-01 05:11:00.479049
195.81.202.119,AVAILABILITY,domains.list,2021-07-01 05:11:26.141614
195.81.202.120,AVAILABILITY,domains.list,2021-07-01 05:11:46.807568
195.85.207.39,AVAILABILITY,domains.list,2021-07-01 05:11:47.747806
195.9.14.160,AVAILABILITY,domains.list,2021-07-01 05:12:15.229144
195.90.249.17,AVAILABILITY,domains.list,2021-07-01 05:12:36.505030
195.93.85.51,AVAILABILITY,domains.list,2021-07-01 05:13:11.858965
195.95.133.41,AVAILABILITY,domains.list,2021-07-01 05:13:32.319142
196.30.168.91,AVAILABILITY,domains.list,2021-07-01 05:14:03.419746
198.104.158.237,AVAILABILITY,domains.list,2021-07-01 05:14:32.537522
198.104.159.65,AVAILABILITY,domains.list,2021-07-01 05:14:53.490750
198.105.193.19,AVAILABILITY,domains.list,2021-07-01 05:15:14.126316
198.136.202.114,AVAILABILITY,domains.list,2021-07-01 05:15:54.684842
198.136.202.143,AVAILABILITY,domains.list,2021-07-01 05:16:30.032860
198.142.76.100,AVAILABILITY,domains.list,2021-07-01 05:16:51.042809
198.145.117.105,AVAILABILITY,domains.list,2021-07-01 05:17:11.450209
198.172.202.250,AVAILABILITY,domains.list,2021-07-01 05:17:41.008937
198.172.81.32,AVAILABILITY,domains.list,2021-07-01 05:18:06.476002
198.172.81.42,AVAILABILITY,domains.list,2021-07-01 05:18:28.121747
198.202.142.18,AVAILABILITY,domains.list,2021-07-01 05:18:53.899509
198.202.142.229,AVAILABILITY,domains.list,2021-07-01 05:19:14.484858
198.202.143.18,AVAILABILITY,domains.list,2021-07-01 05:19:35.448037
198.202.143.20,AVAILABILITY,domains.list,2021-07-01 05:19:56.585261
198.41.185.57,AVAILABILITY,domains.list,2021-07-01 05:20:17.655343
198.41.186.34,AVAILABILITY,domains.list,2021-07-01 05:20:37.918436
198.41.186.57,AVAILABILITY,domains.list,2021-07-01 05:20:58.085342
198.41.187.34,AVAILABILITY,domains.list,2021-07-01 05:21:18.327008
198.41.187.57,AVAILABILITY,domains.list,2021-07-01 05:21:38.551161
198.41.188.57,AVAILABILITY,domains.list,2021-07-01 05:21:58.781692
198.41.189.57,AVAILABILITY,domains.list,2021-07-01 05:22:19.002086
198.51.152.82,AVAILABILITY,domains.list,2021-07-01 05:22:39.623457
198.51.152.83,AVAILABILITY,domains.list,2021-07-01 05:22:59.947536
198.64.128.97,AVAILABILITY,domains.list,2021-07-01 05:23:20.840951
198.64.134.121,AVAILABILITY,domains.list,2021-07-01 05:23:41.513151
198.65.102.164,AVAILABILITY,domains.list,2021-07-01 05:24:02.479089
198.65.102.87,AVAILABILITY,domains.list,2021-07-01 05:24:22.919205
198.65.116.34,AVAILABILITY,domains.list,2021-07-01 05:24:43.721785
198.65.119.21,AVAILABILITY,domains.list,2021-07-01 05:43:55.418442
198.65.134.58,AVAILABILITY,domains.list,2021-07-01 05:44:15.988764
198.65.152.9,AVAILABILITY,domains.list,2021-07-01 05:44:37.026736
198.77.36.41,AVAILABILITY,domains.list,2021-07-01 05:44:57.902076
198.78.206.126,AVAILABILITY,domains.list,2021-07-01 05:45:18.235654
198.78.210.126,AVAILABILITY,domains.list,2021-07-01 05:45:18.567430
198.78.212.126,AVAILABILITY,domains.list,2021-07-01 05:45:18.897482
198.78.218.126,AVAILABILITY,domains.list,2021-07-01 05:45:19.211922
198.78.219.126,AVAILABILITY,domains.list,2021-07-01 05:45:19.521074
198.80.189.106,AVAILABILITY,domains.list,2021-07-01 05:45:39.835921
198.87.214.21,AVAILABILITY,domains.list,2021-07-01 05:46:00.289072
199.106.209.244,AVAILABILITY,domains.list,2021-07-01 05:46:25.780015
199.106.213.104,AVAILABILITY,domains.list,2021-07-01 05:46:46.079508
199.107.237.207,AVAILABILITY,domains.list,2021-07-01 05:47:16.231910
199.122.7.11,AVAILABILITY,domains.list,2021-07-01 05:47:40.683327
199.122.7.17,AVAILABILITY,domains.list,2021-07-01 05:48:14.103040
199.122.7.19,AVAILABILITY,domains.list,2021-07-01 05:48:34.272926
199.15.160.100,AVAILABILITY,domains.list,2021-07-01 05:49:11.296239
199.15.160.110,AVAILABILITY,domains.list,2021-07-01 05:49:41.450440
199.15.160.120,AVAILABILITY,domains.list,2021-07-01 05:50:11.600217
199.15.160.121,AVAILABILITY,domains.list,2021-07-01 05:50:41.753212
199.15.160.36,AVAILABILITY,domains.list,2021-07-01 05:51:11.967294
199.15.160.37,AVAILABILITY,domains.list,2021-07-01 05:51:42.122218
199.181.132.207,AVAILABILITY,domains.list,2021-07-01 05:52:02.427247
199.181.132.250,AVAILABILITY,domains.list,2021-07-01 05:52:32.582401
199.181.132.80,AVAILABILITY,domains.list,2021-07-01 05:52:52.927058
199.19.200.172,AVAILABILITY,domains.list,2021-07-01 05:52:54.746509
199.193.10.100,AVAILABILITY,domains.list,2021-07-01 05:53:30.101878
199.193.10.122,AVAILABILITY,domains.list,2021-07-01 05:54:00.249918
199.193.10.150,AVAILABILITY,domains.list,2021-07-01 05:54:30.399988
199.193.10.30,AVAILABILITY,domains.list,2021-07-01 05:55:00.703032
199.193.10.50,AVAILABILITY,domains.list,2021-07-01 05:55:30.858337
199.193.10.90,AVAILABILITY,domains.list,2021-07-01 05:56:06.222715
199.193.13.50,AVAILABILITY,domains.list,2021-07-01 05:56:36.378808
199.193.13.90,AVAILABILITY,domains.list,2021-07-01 05:57:08.115498
199.193.9.23,AVAILABILITY,domains.list,2021-07-01 05:57:41.300010
199.204.137.111,AVAILABILITY,domains.list,2021-07-01 05:57:41.597482
199.21.148.39,AVAILABILITY,domains.list,2021-07-01 05:58:02.224789
199.21.148.42,AVAILABILITY,domains.list,2021-07-01 05:58:22.748308
199.212.222.22,AVAILABILITY,domains.list,2021-07-01 05:58:52.903332
199.233.57.41,AVAILABILITY,domains.list,2021-07-01 06:00:46.188500
199.239.136.200,AVAILABILITY,domains.list,2021-07-01 06:01:13.452625
199.239.136.245,AVAILABILITY,domains.list,2021-07-01 06:01:43.528551
199.27.134.14,AVAILABILITY,domains.list,2021-07-01 06:02:04.659818
199.27.134.67,AVAILABILITY,domains.list,2021-07-01 06:02:24.918674
199.27.134.96,AVAILABILITY,domains.list,2021-07-01 06:02:45.082256
199.27.134.98,AVAILABILITY,domains.list,2021-07-01 06:03:05.324202
199.27.135.14,AVAILABILITY,domains.list,2021-07-01 06:03:25.483528
199.27.135.67,AVAILABILITY,domains.list,2021-07-01 06:03:45.665157
199.27.135.98,AVAILABILITY,domains.list,2021-07-01 06:04:06.004829
199.27.72.129,AVAILABILITY,domains.list,2021-07-01 06:04:26.352572
199.27.74.129,AVAILABILITY,domains.list,2021-07-01 06:04:46.710469
199.27.74.192,AVAILABILITY,domains.list,2021-07-01 06:05:12.114478
199.27.75.192,AVAILABILITY,domains.list,2021-07-01 06:05:32.668842
199.27.76.129,AVAILABILITY,domains.list,2021-07-01 06:05:52.918239
199.27.76.131,AVAILABILITY,domains.list,2021-07-01 06:06:13.262606
199.27.76.192,AVAILABILITY,domains.list,2021-07-01 06:06:33.654696
199.27.76.194,AVAILABILITY,domains.list,2021-07-01 06:06:53.849875
199.27.76.5,AVAILABILITY,domains.list,2021-07-01 06:07:14.249710
199.27.77.129,AVAILABILITY,domains.list,2021-07-01 06:07:34.496102
199.27.77.131,AVAILABILITY,domains.list,2021-07-01 06:07:54.895213
199.27.77.192,AVAILABILITY,domains.list,2021-07-01 06:08:15.095021
199.27.77.194,AVAILABILITY,domains.list,2021-07-01 06:08:35.432541
199.38.164.173,AVAILABILITY,domains.list,2021-07-01 06:09:00.611943
199.38.164.180,AVAILABILITY,domains.list,2021-07-01 06:09:23.450877
199.59.161.204,AVAILABILITY,domains.list,2021-07-01 06:09:43.989859
199.59.241.179,AVAILABILITY,domains.list,2021-07-01 06:10:04.204873
199.59.241.181,AVAILABILITY,domains.list,2021-07-01 06:10:24.636519
199.59.241.182,AVAILABILITY,domains.list,2021-07-01 06:10:44.824483
199.59.241.183,AVAILABILITY,domains.list,2021-07-01 06:11:05.000237
199.59.241.184,AVAILABILITY,domains.list,2021-07-01 06:11:25.309333
199.59.241.185,AVAILABILITY,domains.list,2021-07-01 06:11:45.503170
199.59.241.186,AVAILABILITY,domains.list,2021-07-01 06:12:05.730355
199.59.241.188,AVAILABILITY,domains.list,2021-07-01 06:12:25.974405
199.59.241.189,AVAILABILITY,domains.list,2021-07-01 06:12:46.152488
199.59.241.203,AVAILABILITY,domains.list,2021-07-01 06:13:06.426931
199.59.241.207,AVAILABILITY,domains.list,2021-07-01 06:13:26.689597
199.59.241.209,AVAILABILITY,domains.list,2021-07-01 06:13:46.896211
199.59.241.214,AVAILABILITY,domains.list,2021-07-01 06:14:07.106064
199.59.241.215,AVAILABILITY,domains.list,2021-07-01 06:14:27.310631
199.59.241.216,AVAILABILITY,domains.list,2021-07-01 06:14:47.659097
199.59.241.218,AVAILABILITY,domains.list,2021-07-01 06:15:08.034342
199.59.241.250,AVAILABILITY,domains.list,2021-07-01 06:15:28.207005
199.59.243.105,AVAILABILITY,domains.list,2021-07-01 06:17:01.392304
199.59.243.111,AVAILABILITY,domains.list,2021-07-01 06:17:21.655471
199.59.243.118,AVAILABILITY,domains.list,2021-07-01 06:17:41.840596
199.59.243.120,AVAILABILITY,domains.list,2021-07-01 06:18:02.077077
199.59.243.92,AVAILABILITY,domains.list,2021-07-01 06:18:22.339618
199.80.54.47,AVAILABILITY,domains.list,2021-07-01 06:18:43.119843
199.85.4.63,AVAILABILITY,domains.list,2021-07-01 06:19:04.076152
199.93.42.126,AVAILABILITY,domains.list,2021-07-01 06:19:04.431719
199.93.54.126,AVAILABILITY,domains.list,2021-07-01 06:19:39.785632
199.93.57.126,AVAILABILITY,domains.list,2021-07-01 06:20:20.351037
199.93.57.254,AVAILABILITY,domains.list,2021-07-01 06:20:57.807980
199.93.62.126,AVAILABILITY,domains.list,2021-07-01 06:20:58.009449
199.95.206.210,AVAILABILITY,domains.list,2021-07-01 06:21:18.253353
202.101.62.9,AVAILABILITY,domains.list,2021-07-01 06:21:56.935262
202.104.150.118,AVAILABILITY,domains.list,2021-07-01 06:22:18.035450
202.104.236.112,AVAILABILITY,domains.list,2021-07-01 06:22:39.489917
202.104.236.113,AVAILABILITY,domains.list,2021-07-01 06:23:04.849804
202.104.236.144,AVAILABILITY,domains.list,2021-07-01 06:23:29.928905
202.104.236.224,AVAILABILITY,domains.list,2021-07-01 06:23:50.591474
202.104.236.38,AVAILABILITY,domains.list,2021-07-01 06:24:11.689769
202.104.237.194,AVAILABILITY,domains.list,2021-07-01 06:24:32.047802
202.104.237.200,AVAILABILITY,domains.list,2021-07-01 06:24:53.283394
202.104.237.201,AVAILABILITY,domains.list,2021-07-01 06:25:14.333821
202.104.237.211,AVAILABILITY,domains.list,2021-07-01 06:25:34.926997
202.130.103.100,AVAILABILITY,domains.list,2021-07-01 06:25:56.253366
202.138.113.146,AVAILABILITY,domains.list,2021-07-01 06:26:23.171037
202.139.106.179,AVAILABILITY,domains.list,2021-07-01 06:26:58.528580
202.139.107.20,AVAILABILITY,domains.list,2021-07-01 06:27:28.685360
202.168.212.103,AVAILABILITY,domains.list,2021-07-01 06:27:49.596850
202.168.214.53,AVAILABILITY,domains.list,2021-07-01 06:28:09.894629
202.172.236.75,AVAILABILITY,domains.list,2021-07-01 06:28:45.296949
202.239.162.253,AVAILABILITY,domains.list,2021-07-01 06:29:09.677147
202.248.228.20,AVAILABILITY,domains.list,2021-07-01 06:29:30.129561
202.30.198.36,AVAILABILITY,domains.list,2021-07-01 06:29:53.282212
202.43.202.46,AVAILABILITY,domains.list,2021-07-01 06:30:23.435833
202.58.48.222,AVAILABILITY,domains.list,2021-07-01 06:30:44.622277
202.58.49.222,AVAILABILITY,domains.list,2021-07-01 06:31:05.996525
202.58.49.78,AVAILABILITY,domains.list,2021-07-01 06:31:27.277777
202.58.56.78,AVAILABILITY,domains.list,2021-07-01 06:31:48.910922
202.7.109.106,AVAILABILITY,domains.list,2021-07-01 06:33:39.456838
202.85.137.13,AVAILABILITY,domains.list,2021-07-01 06:34:00.723154
202.85.162.118,AVAILABILITY,domains.list,2021-07-01 06:34:22.399154
202.85.162.159,AVAILABILITY,domains.list,2021-07-01 06:34:44.882088
202.85.162.168,AVAILABILITY,domains.list,2021-07-01 06:35:07.508440
202.85.162.175,AVAILABILITY,domains.list,2021-07-01 06:35:29.093757
202.92.216.66,AVAILABILITY,domains.list,2021-07-01 06:35:50.582099
203.110.143.97,AVAILABILITY,domains.list,2021-07-01 06:36:13.938360
203.140.231.149,AVAILABILITY,domains.list,2021-07-01 06:36:36.127118
203.140.231.150,AVAILABILITY,domains.list,2021-07-01 06:36:58.335424
203.166.18.103,AVAILABILITY,domains.list,2021-07-01 06:37:20.168678
203.166.18.175,AVAILABILITY,domains.list,2021-07-01 06:37:40.564231
203.166.18.221,AVAILABILITY,domains.list,2021-07-01 06:38:00.888331
203.169.9.169,AVAILABILITY,domains.list,2021-07-01 06:38:22.581036
203.174.66.131,AVAILABILITY,domains.list,2021-07-01 06:38:43.520001
203.179.90.162,AVAILABILITY,domains.list,2021-07-01 06:39:05.444895
203.190.224.60,AVAILABILITY,domains.list,2021-07-01 06:39:26.364407
203.199.83.180,AVAILABILITY,domains.list,2021-07-01 06:39:48.052974
203.199.83.53,AVAILABILITY,domains.list,2021-07-01 06:40:09.396532
203.26.5.11,AVAILABILITY,domains.list,2021-07-01 06:40:32.276444
203.26.51.172,AVAILABILITY,domains.list,2021-07-01 06:40:52.735336
203.26.51.42,AVAILABILITY,domains.list,2021-07-01 06:41:13.031685
203.26.51.50,AVAILABILITY,domains.list,2021-07-01 06:41:33.299761
203.27.227.29,AVAILABILITY,domains.list,2021-07-01 06:41:53.654112
203.89.229.13,AVAILABILITY,domains.list,2021-07-01 06:42:28.060460
204.1.152.68,AVAILABILITY,domains.list,2021-07-01 06:42:49.051022
204.1.154.218,AVAILABILITY,domains.list,2021-07-01 06:43:09.716933
204.1.154.228,AVAILABILITY,domains.list,2021-07-01 06:43:30.282093
204.1.155.74,AVAILABILITY,domains.list,2021-07-01 06:43:50.918274
204.11.109.133,AVAILABILITY,domains.list,2021-07-01 06:44:11.241155
204.11.51.35,AVAILABILITY,domains.list,2021-07-01 06:44:32.739603
204.12.68.104,AVAILABILITY,domains.list,2021-07-01 06:45:01.471979
204.12.71.5,AVAILABILITY,domains.list,2021-07-01 06:45:01.860650
204.12.89.69,AVAILABILITY,domains.list,2021-07-01 06:45:22.448660
204.12.89.76,AVAILABILITY,domains.list,2021-07-01 06:45:23.210583
204.13.160.129,AVAILABILITY,domains.list,2021-07-01 06:45:43.813739
204.13.160.131,AVAILABILITY,domains.list,2021-07-01 06:46:04.370835
204.13.160.134,AVAILABILITY,domains.list,2021-07-01 06:46:24.678535
204.13.160.182,AVAILABILITY,domains.list,2021-07-01 06:46:45.016230
204.13.160.35,AVAILABILITY,domains.list,2021-07-01 06:47:05.406836
204.13.160.52,AVAILABILITY,domains.list,2021-07-01 06:47:25.648868
204.13.161.127,AVAILABILITY,domains.list,2021-07-01 06:47:45.877812
204.13.161.136,AVAILABILITY,domains.list,2021-07-01 06:48:06.134498
204.13.161.177,AVAILABILITY,domains.list,2021-07-01 06:48:26.362191
204.13.161.226,AVAILABILITY,domains.list,2021-07-01 06:49:41.064731
204.13.161.23,AVAILABILITY,domains.list,2021-07-01 06:50:01.535737
204.13.161.30,AVAILABILITY,domains.list,2021-07-01 06:50:21.886847
204.13.167.6,AVAILABILITY,domains.list,2021-07-01 06:50:52.043023
204.13.8.18,AVAILABILITY,domains.list,2021-07-01 06:51:15.324033
204.13.8.76,AVAILABILITY,domains.list,2021-07-01 06:51:35.954706
204.137.28.222,AVAILABILITY,domains.list,2021-07-01 06:51:56.741575
204.137.28.46,AVAILABILITY,domains.list,2021-07-01 06:52:17.057063
204.145.237.105,AVAILABILITY,domains.list,2021-07-01 06:52:37.713146
204.145.71.140,AVAILABILITY,domains.list,2021-07-01 06:53:03.847336
204.152.99.164,AVAILABILITY,domains.list,2021-07-01 06:53:24.703462
204.155.175.242,AVAILABILITY,domains.list,2021-07-01 06:53:46.100658
204.160.107.126,AVAILABILITY,domains.list,2021-07-01 06:53:47.120214
204.160.120.125,AVAILABILITY,domains.list,2021-07-01 06:54:07.405729
204.160.98.126,AVAILABILITY,domains.list,2021-07-01 06:54:07.912212
204.160.98.253,AVAILABILITY,domains.list,2021-07-01 06:54:08.503941
204.176.177.140,AVAILABILITY,domains.list,2021-07-01 06:54:28.873161
204.176.88.14,AVAILABILITY,domains.list,2021-07-01 06:54:50.236152
204.181.14.4,AVAILABILITY,domains.list,2021-07-01 06:55:11.651323
204.202.132.19,AVAILABILITY,domains.list,2021-07-01 06:55:32.656587
204.202.148.19,AVAILABILITY,domains.list,2021-07-01 06:55:58.179244
204.228.229.165,AVAILABILITY,domains.list,2021-07-01 06:56:18.907291
204.228.229.167,AVAILABILITY,domains.list,2021-07-01 06:56:39.328789
204.228.229.169,AVAILABILITY,domains.list,2021-07-01 06:56:39.592736
204.228.229.170,AVAILABILITY,domains.list,2021-07-01 06:56:39.884004
204.228.229.173,AVAILABILITY,domains.list,2021-07-01 06:57:00.162519
204.228.229.175,AVAILABILITY,domains.list,2021-07-01 06:57:00.438943
204.228.229.178,AVAILABILITY,domains.list,2021-07-01 06:57:25.845592
204.232.157.46,AVAILABILITY,domains.list,2021-07-01 06:57:51.254598
204.244.102.6,AVAILABILITY,domains.list,2021-07-01 06:58:12.111114
204.251.15.153,AVAILABILITY,domains.list,2021-07-01 06:58:32.505480
204.251.15.160,AVAILABILITY,domains.list,2021-07-01 06:58:52.730721
204.251.15.169,AVAILABILITY,domains.list,2021-07-01 06:59:13.131933
204.251.15.171,AVAILABILITY,domains.list,2021-07-01 06:59:33.418182
204.251.15.174,AVAILABILITY,domains.list,2021-07-01 06:59:53.654560
204.251.15.175,AVAILABILITY,domains.list,2021-07-01 07:00:13.979303
204.251.15.193,AVAILABILITY,domains.list,2021-07-01 07:00:34.162025
204.253.104.220,AVAILABILITY,domains.list,2021-07-01 07:00:54.509339
204.71.191.220,AVAILABILITY,domains.list,2021-07-01 07:01:15.207445
204.71.191.94,AVAILABILITY,domains.list,2021-07-01 07:01:35.655657
204.78.32.60,AVAILABILITY,domains.list,2021-07-01 07:01:46.391942
204.78.50.226,AVAILABILITY,domains.list,2021-07-01 07:01:57.131473
204.8.169.150,AVAILABILITY,domains.list,2021-07-01 07:02:37.819367
204.8.169.182,AVAILABILITY,domains.list,2021-07-01 07:03:10.991589
204.8.169.214,AVAILABILITY,domains.list,2021-07-01 07:03:41.145780
204.8.169.246,AVAILABILITY,domains.list,2021-07-01 07:04:19.534734
204.9.177.90,AVAILABILITY,domains.list,2021-07-01 07:05:52.284630
204.93.155.71,AVAILABILITY,domains.list,2021-07-01 07:06:13.168362
205.128.66.126,AVAILABILITY,domains.list,2021-07-01 07:06:13.616612
205.128.67.254,AVAILABILITY,domains.list,2021-07-01 07:06:14.166668
205.128.68.126,AVAILABILITY,domains.list,2021-07-01 07:06:34.458073
205.128.78.126,AVAILABILITY,domains.list,2021-07-01 07:06:54.752493
205.128.79.126,AVAILABILITY,domains.list,2021-07-01 07:07:14.939274
205.128.82.254,AVAILABILITY,domains.list,2021-07-01 07:07:15.585629
205.128.85.126,AVAILABILITY,domains.list,2021-07-01 07:07:35.775309
205.128.90.126,AVAILABILITY,domains.list,2021-07-01 07:07:36.368266
205.128.95.126,AVAILABILITY,domains.list,2021-07-01 07:07:56.697306
205.128.95.254,AVAILABILITY,domains.list,2021-07-01 07:08:02.356498
205.134.177.105,AVAILABILITY,domains.list,2021-07-01 07:08:29.256769
205.134.177.110,AVAILABILITY,domains.list,2021-07-01 07:09:04.611050
205.138.3.230,AVAILABILITY,domains.list,2021-07-01 07:09:25.027919
205.139.101.150,AVAILABILITY,domains.list,2021-07-01 07:09:45.386829
205.139.28.97,AVAILABILITY,domains.list,2021-07-01 07:10:05.772429
205.139.40.76,AVAILABILITY,domains.list,2021-07-01 07:10:26.165743
205.144.161.42,AVAILABILITY,domains.list,2021-07-01 07:11:01.522110
205.150.0.180,AVAILABILITY,domains.list,2021-07-01 07:11:22.097599
205.150.176.247,AVAILABILITY,domains.list,2021-07-01 07:11:48.693055
205.153.84.207,AVAILABILITY,domains.list,2021-07-01 07:11:49.538158
205.180.85.15,AVAILABILITY,domains.list,2021-07-01 07:12:24.771982
205.180.85.18,AVAILABILITY,domains.list,2021-07-01 07:12:46.375432
205.180.85.19,AVAILABILITY,domains.list,2021-07-01 07:13:07.879193
205.180.86.20,AVAILABILITY,domains.list,2021-07-01 07:13:29.137829
205.180.86.4,AVAILABILITY,domains.list,2021-07-01 07:13:30.382850
205.186.160.123,AVAILABILITY,domains.list,2021-07-01 07:13:50.734303
205.186.161.170,AVAILABILITY,domains.list,2021-07-01 07:14:11.114737
205.188.165.121,AVAILABILITY,domains.list,2021-07-01 07:14:51.989607
205.188.165.185,AVAILABILITY,domains.list,2021-07-01 07:15:22.139879
205.188.165.249,AVAILABILITY,domains.list,2021-07-01 07:15:57.503175
205.188.165.57,AVAILABILITY,domains.list,2021-07-01 07:16:29.080668
205.204.112.70,AVAILABILITY,domains.list,2021-07-01 07:16:56.098104
205.205.86.51,AVAILABILITY,domains.list,2021-07-01 07:17:17.030911
205.206.209.58,AVAILABILITY,domains.list,2021-07-01 07:17:37.596633
205.209.147.177,AVAILABILITY,domains.list,2021-07-01 07:18:06.073620
205.209.152.166,AVAILABILITY,domains.list,2021-07-01 07:18:26.461288
205.209.186.67,AVAILABILITY,domains.list,2021-07-01 07:18:51.075233
205.209.186.68,AVAILABILITY,domains.list,2021-07-01 07:19:16.395859
205.209.188.45,AVAILABILITY,domains.list,2021-07-01 07:19:39.703301
205.209.188.46,AVAILABILITY,domains.list,2021-07-01 07:19:59.906710
205.209.188.52,AVAILABILITY,domains.list,2021-07-01 07:20:20.204260
205.209.188.53,AVAILABILITY,domains.list,2021-07-01 07:20:40.397507
205.218.64.7,AVAILABILITY,domains.list,2021-07-01 07:21:46.323453
205.218.65.142,AVAILABILITY,domains.list,2021-07-01 07:22:06.660549
205.219.72.44,AVAILABILITY,domains.list,2021-07-01 07:22:26.977885
205.246.203.30,AVAILABILITY,domains.list,2021-07-01 07:22:52.908786
205.246.203.36,AVAILABILITY,domains.list,2021-07-01 07:23:13.884613
205.246.203.37,AVAILABILITY,domains.list,2021-07-01 07:23:34.909442
205.251.243.65,AVAILABILITY,domains.list,2021-07-01 07:23:57.304804
205.251.243.73,AVAILABILITY,domains.list,2021-07-01 07:24:17.483388
206.107.131.10,AVAILABILITY,domains.list,2021-07-01 07:24:38.639637
206.123.114.138,AVAILABILITY,domains.list,2021-07-01 07:24:59.611256
206.123.90.137,AVAILABILITY,domains.list,2021-07-01 07:25:29.770870
206.131.168.12,AVAILABILITY,domains.list,2021-07-01 07:25:51.306199
206.131.180.161,AVAILABILITY,domains.list,2021-07-01 07:26:11.690340
206.132.241.147,AVAILABILITY,domains.list,2021-07-01 07:26:31.885994
206.132.241.154,AVAILABILITY,domains.list,2021-07-01 07:26:52.164422
206.132.241.176,AVAILABILITY,domains.list,2021-07-01 07:27:12.418543
206.132.241.177,AVAILABILITY,domains.list,2021-07-01 07:27:32.750394
206.132.8.137,AVAILABILITY,domains.list,2021-07-01 07:27:53.180993
206.138.137.100,AVAILABILITY,domains.list,2021-07-01 07:28:26.465417
206.14.64.160,AVAILABILITY,domains.list,2021-07-01 07:28:49.926755
206.14.64.161,AVAILABILITY,domains.list,2021-07-01 07:29:10.216741
206.16.0.113,AVAILABILITY,domains.list,2021-07-01 07:29:30.787526
206.16.0.134,AVAILABILITY,domains.list,2021-07-01 07:29:51.342439
206.16.0.140,AVAILABILITY,domains.list,2021-07-01 07:30:12.008598
206.16.0.141,AVAILABILITY,domains.list,2021-07-01 07:30:32.481283
206.16.0.142,AVAILABILITY,domains.list,2021-07-01 07:30:52.820437
206.16.0.143,AVAILABILITY,domains.list,2021-07-01 07:31:13.033346
206.16.0.187,AVAILABILITY,domains.list,2021-07-01 07:31:33.280839
206.16.220.130,AVAILABILITY,domains.list,2021-07-01 07:31:53.534903
206.16.59.21,AVAILABILITY,domains.list,2021-07-01 07:32:13.853019
206.16.59.23,AVAILABILITY,domains.list,2021-07-01 07:32:34.372724
206.165.199.86,AVAILABILITY,domains.list,2021-07-01 07:33:04.598765
206.169.239.20,AVAILABILITY,domains.list,2021-07-01 07:33:25.131562
206.188.13.105,AVAILABILITY,domains.list,2021-07-01 07:33:45.508699
206.188.13.106,AVAILABILITY,domains.list,2021-07-01 07:34:05.961132
206.190.56.190,AVAILABILITY,domains.list,2021-07-01 07:34:37.668951
206.190.56.191,AVAILABILITY,domains.list,2021-07-01 07:35:07.821916
206.190.60.37,AVAILABILITY,domains.list,2021-07-01 07:35:37.975019
206.191.173.57,AVAILABILITY,domains.list,2021-07-01 07:36:13.334758
206.191.173.69,AVAILABILITY,domains.list,2021-07-01 07:36:46.562932
206.200.251.66,AVAILABILITY,domains.list,2021-07-01 07:37:54.925946
206.204.187.42,AVAILABILITY,domains.list,2021-07-01 07:38:15.377115
206.207.85.33,AVAILABILITY,domains.list,2021-07-01 07:38:35.621513
206.207.87.8,AVAILABILITY,domains.list,2021-07-01 07:38:55.991565
206.214.223.81,AVAILABILITY,domains.list,2021-07-01 07:39:16.575715
206.252.153.4,AVAILABILITY,domains.list,2021-07-01 07:39:41.066931
206.252.157.58,AVAILABILITY,domains.list,2021-07-01 07:40:01.838301
206.33.34.126,AVAILABILITY,domains.list,2021-07-01 07:40:22.211315
206.33.54.126,AVAILABILITY,domains.list,2021-07-01 07:40:22.817345
206.33.55.126,AVAILABILITY,domains.list,2021-07-01 07:40:43.110275
206.47.74.31,AVAILABILITY,domains.list,2021-07-01 07:41:03.875437
206.62.142.86,AVAILABILITY,domains.list,2021-07-01 07:41:25.273624
206.65.183.20,AVAILABILITY,domains.list,2021-07-01 07:41:46.162894
206.65.72.215,AVAILABILITY,domains.list,2021-07-01 07:42:07.739913
206.71.176.133,AVAILABILITY,domains.list,2021-07-01 07:42:28.317533
206.72.113.48,AVAILABILITY,domains.list,2021-07-01 07:42:48.893540
206.72.124.132,AVAILABILITY,domains.list,2021-07-01 07:43:10.205766
206.79.171.196,AVAILABILITY,domains.list,2021-07-01 07:43:35.482593
206.79.194.73,AVAILABILITY,domains.list,2021-07-01 07:43:55.735448
207.114.236.40,AVAILABILITY,domains.list,2021-07-01 07:44:15.979180
207.123.33.124,AVAILABILITY,domains.list,2021-07-01 07:44:36.482994
207.123.33.126,AVAILABILITY,domains.list,2021-07-01 07:44:37.104042
207.123.34.126,AVAILABILITY,domains.list,2021-07-01 07:44:37.736112
207.123.39.254,AVAILABILITY,domains.list,2021-07-01 07:44:38.338546
207.123.40.126,AVAILABILITY,domains.list,2021-07-01 07:44:38.892002
207.123.40.254,AVAILABILITY,domains.list,2021-07-01 07:44:39.386350
207.123.57.126,AVAILABILITY,domains.list,2021-07-01 07:44:39.831202
207.123.61.126,AVAILABILITY,domains.list,2021-07-01 07:45:05.285027
207.13.199.239,AVAILABILITY,domains.list,2021-07-01 07:45:26.151875
207.150.160.71,AVAILABILITY,domains.list,2021-07-01 07:45:46.334570
207.150.160.72,AVAILABILITY,domains.list,2021-07-01 07:46:06.647668
207.153.203.227,AVAILABILITY,domains.list,2021-07-01 07:46:27.909176
207.159.120.151,AVAILABILITY,domains.list,2021-07-01 07:46:59.593421
207.178.141.253,AVAILABILITY,domains.list,2021-07-01 07:47:23.177549
207.178.159.100,AVAILABILITY,domains.list,2021-07-01 07:47:43.790764
207.188.5.190,AVAILABILITY,domains.list,2021-07-01 07:48:15.637979
207.188.5.210,AVAILABILITY,domains.list,2021-07-01 07:48:47.563128
207.189.109.125,AVAILABILITY,domains.list,2021-07-01 07:49:08.003104
207.189.109.37,AVAILABILITY,domains.list,2021-07-01 07:49:29.300423
207.190.12.215,AVAILABILITY,domains.list,2021-07-01 07:49:30.632356
207.195.225.10,AVAILABILITY,domains.list,2021-07-01 07:49:51.435845
207.199.88.218,AVAILABILITY,domains.list,2021-07-01 07:50:12.249761
207.199.89.200,AVAILABILITY,domains.list,2021-07-01 07:50:32.739844
207.200.84.59,AVAILABILITY,domains.list,2021-07-01 07:51:08.474642
207.210.231.201,AVAILABILITY,domains.list,2021-07-01 07:51:30.345862
207.210.234.196,AVAILABILITY,domains.list,2021-07-01 07:51:51.895295
207.219.111.20,AVAILABILITY,domains.list,2021-07-01 07:52:12.733348
207.230.145.120,AVAILABILITY,domains.list,2021-07-01 07:52:35.980419
